"matricula","unidade","nome","estado","linha"
"EZL4534","12140.0","MobiBrasil","5.0","350.0"
"KFG9789","81045.0","Conorte","5.0","126.0"
"KFG9809","81044.0","Conorte","5.0","127.0"
"KFG9829","81038.0","Conorte","5.0","48.0"
"KFG9849","81035.0","Conorte","5.0","48.0"
"KFL2326","81661.0","Conorte","5.0","124.0"
"KFS9699","81820.0","Conorte","5.0","149.0"
"KFT1119","81800.0","Conorte","5.0","126.0"
"KFU8044","81850.0","Conorte","5.0","126.0"
"KFU8274","81840.0","Conorte","5.0","118.0"
"KFX0164","81622.0","Conorte","5.0","132.0"
"KFX2644","81619.0","Conorte","5.0","129.0"
"KFY1246","81029.0","Conorte","5.0","46.0"
"KFZ0049","81034.0","Conorte","5.0","122.0"
"KFZ0069","81033.0","Conorte","5.0","162.0"
"KFZ0199","81031.0","Conorte","5.0","46.0"
"KGA2346","81663.0","Conorte","5.0","367.0"
"KGG2336","81662.0","Conorte","5.0","100.0"
"KGI6766","81604.0","Conorte","5.0","129.0"
"KGJ5386","81040.0","Conorte","5.0","132.0"
"KGO4231","81017.0","Conorte","5.0","122.0"
"KGO6271","81018.0","Conorte","5.0","126.0"
"KGO7211","81021.0","Conorte","5.0","122.0"
"KGO8381","81025.0","Conorte","5.0","126.0"
"KGQ2306","81659.0","Conorte","5.0","544.0"
"KGR8167","81684.0","Conorte","5.0","107.0"
"KGS5117","81678.0","Conorte","5.0","107.0"
"KGS5187","81679.0","Conorte","5.0","186.0"
"KGS5247","81680.0","Conorte","5.0","124.0"
"KGS5257","81681.0","Conorte","5.0","129.0"
"KGS5347","81682.0","Conorte","5.0","114.0"
"KGS5387","81683.0","Conorte","5.0","107.0"
"KGW6426","81655.0","Conorte","5.0","125.0"
"KGX5656","81051.0","Conorte","5.0","548.0"
"KGY0493","50489.0","Globo","5.0","93.0"
"KGY0863","50479.0","Globo","5.0","93.0"
"KGY1607","81307.0","Conorte","5.0","126.0"
"KHD2296","81660.0","Conorte","5.0","544.0"
"KHD9099","50399.0","Globo","5.0","93.0"
"KHD9459","50409.0","Globo","5.0","98.0"
"KHH1337","81675.0","Conorte","5.0","107.0"
"KHI1963","81020.0","Conorte","5.0","548.0"
"KHI2053","81019.0","Conorte","5.0","162.0"
"KHI2193","81012.0","Conorte","5.0","137.0"
"KHI2213","81011.0","Conorte","5.0","137.0"
"KHI2343","81068.0","Conorte","5.0","127.0"
"KHI2453","81016.0","Conorte","5.0","48.0"
"KHI2713","81065.0","Conorte","5.0","127.0"
"KHI2763","81064.0","Conorte","5.0","126.0"
"KHI3410","50459.0","Globo","5.0","86.0"
"KHK5856","81304.0","Conorte","5.0","126.0"
"KHL3886","81397.0","Conorte","5.0","126.0"
"KHL6456","81658.0","Conorte","5.0","124.0"
"KHL6824","81612.0","Conorte","5.0","132.0"
"KHL7274","81621.0","Conorte","5.0","126.0"
"KHL7594","81618.0","Conorte","5.0","126.0"
"KHM6194","50120.0","Globo","5.0","85.0"
"KHO0736","15824.0","Pedrosa","5.0","559.0"
"KHS5071","81857.0","Conorte","5.0","126.0"
"KHS5454","12056.0","MobiBrasil","5.0","301.0"
"KHS5474","12057.0","MobiBrasil","5.0","301.0"
"KHS5924","12069.0","MobiBrasil","5.0","301.0"
"KHS6004","12059.0","MobiBrasil","5.0","301.0"
"KHS6024","12055.0","MobiBrasil","5.0","301.0"
"KHS6034","12051.0","MobiBrasil","5.0","64.0"
"KHS6054","12052.0","MobiBrasil","5.0","301.0"
"KHS6421","81867.0","Conorte","5.0","126.0"
"KHT1050","81677.0","Conorte","5.0","547.0"
"KHT7547","81605.0","Conorte","5.0","129.0"
"KHT7567","81606.0","Conorte","5.0","132.0"
"KHT7657","81610.0","Conorte","5.0","129.0"
"KHT7697","81611.0","Conorte","5.0","129.0"
"KHT7757","81613.0","Conorte","5.0","132.0"
"KHW4509","50067.0","Globo","5.0","88.0"
"KIL6446","81657.0","Conorte","5.0","460.0"
"KIL6804","81046.0","Conorte","5.0","162.0"
"KIL6984","81058.0","Conorte","5.0","127.0"
"KIL6994","81057.0","Conorte","5.0","121.0"
"KIN6436","81656.0","Conorte","5.0","100.0"
"KIN8385","81651.0","Conorte","5.0","365.0"
"KIN8445","81652.0","Conorte","5.0","24.0"
"KIN8465","81653.0","Conorte","5.0","24.0"
"KIN8495","81654.0","Conorte","5.0","24.0"
"KIO4380","81076.0","Conorte","5.0","127.0"
"KIO4520","81071.0","Conorte","5.0","126.0"
"KIO4550","81078.0","Conorte","5.0","118.0"
"KJB1374","81054.0","Conorte","5.0","137.0"
"KJD4490","81929.0","Conorte","5.0","49.0"
"KJE2060","81803.0","Conorte","5.0","111.0"
"KJE2660","81813.0","Conorte","5.0","111.0"
"KJQ0406","81042.0","Conorte","5.0","46.0"
"KJT7695","81311.0","Conorte","5.0","126.0"
"KJT7705","81310.0","Conorte","5.0","126.0"
"KKU1549","50449.0","Globo","5.0","86.0"
"KKV0007","81676.0","Conorte","5.0","365.0"
"KKV2710","50469.0","Globo","5.0","86.0"
"KKV8072","81175.0","Conorte","5.0","162.0"
"KKX6480","50439.0","Globo","5.0","86.0"
"KKX8719","50429.0","Globo","5.0","98.0"
"KKX8929","50419.0","Globo","5.0","93.0"
"KMA6554","81829.0","Conorte","5.0","49.0"
"KMA7174","81879.0","Conorte","5.0","121.0"
"KMA8224","81623.0","Conorte","5.0","132.0"
"KMA8834","81809.0","Conorte","5.0","111.0"
"KMA9374","81889.0","Conorte","5.0","111.0"
"KNW6550","50300.0","Globo","5.0","91.0"
"KVN4456","50290.0","Globo","5.0","91.0"
"KWG4030","50260.0","Globo","5.0","94.0"
"LLD2349","50250.0","Globo","5.0","93.0"
"LLF9781","50310.0","Globo","5.0","91.0"
"LLG1424","50065.0","Globo","5.0","351.0"
"LLG1426","50062.0","Globo","5.0","91.0"
"LLG1433","50063.0","Globo","5.0","83.0"
"LLG4175","50064.0","Globo","5.0","76.0"
"LLI3256","50163.0","Globo","5.0","83.0"
"LLK5570","50271.0","Globo","5.0","83.0"
"LLK6440","50261.0","Globo","5.0","96.0"
"LLL6968","50164.0","Globo","5.0","77.0"
"LPO8643","50280.0","Globo","5.0","83.0"
"LPO9405","50270.0","Globo","5.0","83.0"
"LPQ9665","50066.0","Globo","5.0","88.0"
"NXV6093","12049.0","MobiBrasil","5.0","62.0"
"NXV6453","12048.0","MobiBrasil","5.0","37.0"
"NXV6483","12050.0","MobiBrasil","5.0","5.0"
"NXW7697","12032.0","MobiBrasil","5.0","3.0"
"NXW7707","12035.0","MobiBrasil","5.0","3.0"
"NXW7737","12036.0","MobiBrasil","3.0","287.0"
"NXW7747","12044.0","MobiBrasil","5.0","62.0"
"NXW7787","12037.0","MobiBrasil","5.0","40.0"
"NXW7807","12041.0","MobiBrasil","5.0","3.0"
"NXW7977","12045.0","MobiBrasil","5.0","34.0"
"NXW7987","12046.0","MobiBrasil","5.0","62.0"
"NXW7997","12043.0","MobiBrasil","5.0","37.0"
"NXW8047","12040.0","MobiBrasil","5.0","3.0"
"OYL2307","12432.0","MobiBrasil","5.0","31.0"
"OYL2347","12442.0","MobiBrasil","5.0","55.0"
"OYL2357","12444.0","MobiBrasil","5.0","55.0"
"OYL2367","12451.0","MobiBrasil","5.0","55.0"
"OYL2377","12453.0","MobiBrasil","5.0","55.0"
"OYL2467","12438.0","MobiBrasil","5.0","31.0"
"OYL2517","12437.0","MobiBrasil","5.0","16.0"
"OYL7736","81100.0","Conorte","5.0","71.0"
"OYL9295","12461.0","MobiBrasil","5.0","6.0"
"OYL9375","12455.0","MobiBrasil","5.0","55.0"
"OYL9415","12469.0","MobiBrasil","5.0","6.0"
"OYM3838","81118.0","Conorte","5.0","71.0"
"OYN1584","12401.0","MobiBrasil","5.0","31.0"
"OYN1594","12403.0","MobiBrasil","5.0","31.0"
"OYN1604","12404.0","MobiBrasil","5.0","31.0"
"OYN8838","81409.0","Conorte","5.0","371.0"
"OYN8858","81410.0","Conorte","5.0","123.0"
"OYN8868","81412.0","Conorte","5.0","371.0"
"OYN8895 ","81421.0","Conorte","5.0","123.0"
"OYN8928","81413.0","Conorte","5.0","51.0"
"OYO0654","81402.0","Conorte","5.0","135.0"
"OYO0987","12429.0","MobiBrasil","5.0","31.0"
"OYO4598","81814.0","Conorte","5.0","73.0"
"OYO8393","12458.0","MobiBrasil","5.0","6.0"
"OYO8403","12456.0","MobiBrasil","5.0","55.0"
"OYO8423","12462.0","MobiBrasil","5.0","6.0"
"OYO8453","12466.0","MobiBrasil","5.0","6.0"
"OYO8463","12502.0","MobiBrasil","5.0","552.0"
"OYO8483","12472.0","MobiBrasil","5.0","6.0"
"OYO8503","12465.0","MobiBrasil","5.0","6.0"
"OYO8513","12470.0","MobiBrasil","5.0","6.0"
"OYP7617","81406.0","Conorte","5.0","123.0"
"OYR0286","81404.0","Conorte","5.0","135.0"
"OYR0326","81403.0","Conorte","5.0","54.0"
"OYR4895","12406.0","MobiBrasil","5.0","31.0"
"OYR4905","12402.0","MobiBrasil","5.0","16.0"
"OYR8536","12422.0","MobiBrasil","5.0","31.0"
"OYR9346","81103.0","Conorte","5.0","71.0"
"OYS0039","81429.0","Conorte","5.0","373.0"
"OYS0049","81438.0","Conorte","5.0","123.0"
"OYS0089","81439.0","Conorte","5.0","54.0"
"OYS0099","81440.0","Conorte","5.0","123.0"
"OYS0119","81441.0","Conorte","5.0","54.0"
"OYS1408","50470.0","Globo","5.0","92.0"
"OYS1518","50466.0","Globo","5.0","77.0"
"OYS1618","50460.0","Globo","5.0","92.0"
"OYS4046","81874.0","Conorte","5.0","371.0"
"OYS4696","81884.0","Conorte","5.0","371.0"
"OYS4996","81408.0","Conorte","5.0","371.0"
"OYS5016","81405.0","Conorte","5.0","373.0"
"OYS5026","81424.0","Conorte","5.0","371.0"
"OYS8965","12416.0","MobiBrasil","5.0","16.0"
"OYS8975","12414.0","MobiBrasil","5.0","31.0"
"OYS8995","12412.0","MobiBrasil","5.0","31.0"
"OYS9005","12411.0","MobiBrasil","5.0","31.0"
"OYS9025","12409.0","MobiBrasil","5.0","31.0"
"OYS9035","12405.0","MobiBrasil","5.0","31.0"
"OYS9045","12417.0","MobiBrasil","5.0","31.0"
"OYT0346","12425.0","MobiBrasil","5.0","31.0"
"OYT1166","81105.0","Conorte","5.0","71.0"
"OYT1176","81102.0","Conorte","5.0","71.0"
"OYT1186","81104.0","Conorte","5.0","71.0"
"OYT6456","81844.0","Conorte","5.0","371.0"
"OYT8387","50476.0","Globo","5.0","95.0"
"OYT9286","81101.0","Conorte","5.0","73.0"
"OYU0977","12428.0","MobiBrasil","5.0","31.0"
"OYU3638","12478.0","MobiBrasil","5.0","552.0"
"OYU3758","12480.0","MobiBrasil","5.0","55.0"
"OYU4128","12482.0","MobiBrasil","5.0","552.0"
"OYU4138","12483.0","MobiBrasil","5.0","55.0"
"OYU4148","12484.0","MobiBrasil","5.0","288.0"
"OYU4178","12485.0","MobiBrasil","5.0","552.0"
"OYU4218","12487.0","MobiBrasil","5.0","552.0"
"OYU4308","12486.0","MobiBrasil","5.0","552.0"
"OYU4538","12489.0","MobiBrasil","5.0","552.0"
"OYU4861","12457.0","MobiBrasil","5.0","55.0"
"OYU4991","12471.0","MobiBrasil","5.0","6.0"
"OYU6648","12490.0","MobiBrasil","5.0","552.0"
"OYU6658","12491.0","MobiBrasil","5.0","552.0"
"OYU6678","12493.0","MobiBrasil","5.0","562.0"
"OYU6688","12494.0","MobiBrasil","5.0","16.0"
"OYU6708","12496.0","MobiBrasil","5.0","562.0"
"OYU7947","50475.0","Globo","5.0","72.0"
"OYU8117","50483.0","Globo","5.0","95.0"
"OYU8273","50023.0","Globo","5.0","77.0"
"OYU8287","50474.0","Globo","5.0","72.0"
"OYU8457","50472.0","Globo","5.0","97.0"
"OYU8507","50482.0","Globo","5.0","77.0"
"OYU8537","50465.0","Globo","5.0","77.0"
"OYU8557","50464.0","Globo","5.0","77.0"
"OYU8626","81106.0","Conorte","5.0","123.0"
"OYU8637","50481.0","Globo","5.0","77.0"
"OYV5178","81416.0","Conorte","5.0","371.0"
"OYV5308","81417.0","Conorte","5.0","54.0"
"OYV5328","81419.0","Conorte","5.0","123.0"
"OYV5368","81415.0","Conorte","5.0","73.0"
"OYV5388","81414.0","Conorte","5.0","123.0"
"OYV5408","81418.0","Conorte","5.0","123.0"
"OYV5468","81420.0","Conorte","5.0","371.0"
"OYV5488","81427.0","Conorte","5.0","123.0"
"OYV5528","81426.0","Conorte","5.0","123.0"
"OYV5548","81431.0","Conorte","5.0","123.0"
"OYV5927","50471.0","Globo","5.0","92.0"
"OYV5977","50461.0","Globo","5.0","92.0"
"OYV7375","12419.0","MobiBrasil","5.0","31.0"
"OYV7395","12420.0","MobiBrasil","5.0","31.0"
"OYV7435","12418.0","MobiBrasil","5.0","16.0"
"OYV7445","12415.0","MobiBrasil","5.0","31.0"
"OYV7455","12413.0","MobiBrasil","5.0","31.0"
"OYV7648","81904.0","Conorte","5.0","371.0"
"OYV7678","81854.0","Conorte","5.0","371.0"
"OYV7778","81924.0","Conorte","5.0","51.0"
"OYV7808","81824.0","Conorte","5.0","73.0"
"OYV7908","81894.0","Conorte","5.0","123.0"
"OYV8766","12427.0","MobiBrasil","5.0","31.0"
"OYV8776","12430.0","MobiBrasil","5.0","31.0"
"OYW8359","12503.0","MobiBrasil","5.0","552.0"
"OYW8369","12468.0","MobiBrasil","5.0","6.0"
"OYX0875","12423.0","MobiBrasil","5.0","16.0"
"OYX0915","12426.0","MobiBrasil","5.0","16.0"
"OYX1978","81428.0","Conorte","5.0","373.0"
"OYX1988","81430.0","Conorte","5.0","123.0"
"OYX1998","81432.0","Conorte","5.0","123.0"
"OYX2008","81435.0","Conorte","5.0","123.0"
"OYX2821","81115.0","Conorte","5.0","71.0"
"OYX2841","81127.0","Conorte","5.0","71.0"
"OYX2851","81108.0","Conorte","5.0","71.0"
"OYX2861","81114.0","Conorte","5.0","73.0"
"OYX2891","81117.0","Conorte","5.0","71.0"
"OYX2911","81111.0","Conorte","5.0","71.0"
"OYX2921","81107.0","Conorte","5.0","73.0"
"OYX2931","81116.0","Conorte","5.0","71.0"
"OYX2961","81112.0","Conorte","5.0","71.0"
"OYX2991","81124.0","Conorte","5.0","71.0"
"OYX3011","81125.0","Conorte","5.0","71.0"
"OYX3031","81123.0","Conorte","5.0","71.0"
"OYX3051","81126.0","Conorte","5.0","71.0"
"OYX3071","81113.0","Conorte","5.0","71.0"
"OYX3143","50033.0","Globo","5.0","77.0"
"OYX8237","50478.0","Globo","5.0","77.0"
"OYX8297","50463.0","Globo","5.0","94.0"
"OYX8317","50467.0","Globo","5.0","77.0"
"OYX8367","50468.0","Globo","5.0","77.0"
"OYX8407","50473.0","Globo","5.0","72.0"
"OYX8457","50477.0","Globo","5.0","72.0"
"OYY1496","81422.0","Conorte","5.0","371.0"
"OYY1506","81425.0","Conorte","5.0","123.0"
"OYY1556","81407.0","Conorte","5.0","371.0"
"OYY1576","81411.0","Conorte","5.0","373.0"
"OYY1586","81423.0","Conorte","5.0","371.0"
"OYY9576","12434.0","MobiBrasil","5.0","31.0"
"OYY9586","12443.0","MobiBrasil","5.0","55.0"
"OYY9596","12447.0","MobiBrasil","5.0","55.0"
"OYY9606","12440.0","MobiBrasil","5.0","31.0"
"OYY9666","12433.0","MobiBrasil","5.0","31.0"
"OYY9696","12454.0","MobiBrasil","5.0","55.0"
"OYY9726","12449.0","MobiBrasil","5.0","55.0"
"OYY9766","12452.0","MobiBrasil","5.0","55.0"
"OYZ2877","81834.0","Conorte","5.0","73.0"
"OYZ4876","12499.0","MobiBrasil","5.0","288.0"
"OYZ4906","12460.0","MobiBrasil","5.0","6.0"
"OYZ4936","12463.0","MobiBrasil","5.0","6.0"
"OYZ4956","12467.0","MobiBrasil","5.0","6.0"
"OYZ5116","12459.0","MobiBrasil","5.0","6.0"
"OYZ5677","81804.0","Conorte","5.0","371.0"
"OYZ5958","81110.0","Conorte","5.0","71.0"
"OYZ5988","81109.0","Conorte","5.0","123.0"
"OYZ8146","81131.0","Conorte","5.0","71.0"
"OYZ8166","81129.0","Conorte","5.0","71.0"
"OYZ8186","81132.0","Conorte","5.0","71.0"
"OYZ8206","81136.0","Conorte","5.0","371.0"
"OYZ8799","81433.0","Conorte","5.0","371.0"
"OYZ8809","81434.0","Conorte","5.0","371.0"
"OYZ8819","81436.0","Conorte","5.0","373.0"
"OYZ9587","81914.0","Conorte","5.0","123.0"
"PCB8754","50770.0","Globo","5.0","81.0"
"PCD1754","50762.0","Globo","5.0","351.0"
"PCD1944","50764.0","Globo","5.0","351.0"
"PCD2014","50772.0","Globo","5.0","85.0"
"PCD2484","50771.0","Globo","5.0","81.0"
"PCD2654","50760.0","Globo","5.0","351.0"
"PCD2714","50761.0","Globo","5.0","351.0"
"PCD2774","50763.0","Globo","5.0","351.0"
"PCD2954","50765.0","Globo","5.0","351.0"
"PCD2984","50767.0","Globo","5.0","85.0"
"PCD3014","50768.0","Globo","5.0","81.0"
"PCD3074","50769.0","Globo","5.0","81.0"
"PCE9690","81845.0","Conorte","5.0","54.0"
"PCJ8614","50774.0","Globo","5.0","85.0"
"PCJ8734","50773.0","Globo","5.0","85.0"
"PCK7414","50775.0","Globo","5.0","351.0"
"PCP8305","81140.0","Conorte","5.0","119.0"
"PCP8425","81144.0","Conorte","5.0","127.0"
"PCP8595","81146.0","Conorte","5.0","127.0"
"PCQ2735","81532.0","Conorte","5.0","129.0"
"PCQ2885","81534.0","Conorte","5.0","540.0"
"PCQ2925","81533.0","Conorte","5.0","540.0"
"PCQ2945","81535.0","Conorte","5.0","364.0"
"PCQ2965","81537.0","Conorte","5.0","364.0"
"PCQ2975","81539.0","Conorte","5.0","188.0"
"PCQ3025","81538.0","Conorte","5.0","364.0"
"PCQ3055","81530.0","Conorte","5.0","540.0"
"PCQ4005","81957.0","Conorte","5.0","128.0"
"PCQ4265","81531.0","Conorte","5.0","540.0"
"PCQ4745","81536.0","Conorte","5.0","364.0"
"PCQ7915","81977.0","Conorte","5.0","49.0"
"PCQ7925","81937.0","Conorte","5.0","49.0"
"PCQ7955","81927.0","Conorte","5.0","49.0"
"PCQ8155","81947.0","Conorte","5.0","114.0"
"PCS7335","81155.0","Conorte","5.0","132.0"
"PCS7405","81153.0","Conorte","5.0","130.0"
"PCS9465","81170.0","Conorte","5.0","46.0"
"PCT5771","81855.0","Conorte","5.0","126.0"
"PCV2665","81176.0","Conorte","5.0","46.0"
"PCV2715","81177.0","Conorte","5.0","127.0"
"PCV3355","81547.0","Conorte","5.0","133.0"
"PCV3945","81553.0","Conorte","5.0","460.0"
"PCV4065","81544.0","Conorte","5.0","133.0"
"PCV4195","81549.0","Conorte","5.0","365.0"
"PCV4335","81548.0","Conorte","5.0","133.0"
"PCV4554","12632.0","MobiBrasil","5.0","56.0"
"PCV4574","12637.0","MobiBrasil","5.0","56.0"
"PCV4594","12631.0","MobiBrasil","5.0","56.0"
"PCV4604","12636.0","MobiBrasil","5.0","56.0"
"PCV4634","12635.0","MobiBrasil","5.0","56.0"
"PCV4644","12638.0","MobiBrasil","5.0","56.0"
"PCV4654","12639.0","MobiBrasil","5.0","56.0"
"PCV4684","12643.0","MobiBrasil","5.0","56.0"
"PCV4694","12641.0","MobiBrasil","5.0","56.0"
"PCV4695","81546.0","Conorte","5.0","133.0"
"PCV4774","12634.0","MobiBrasil","5.0","56.0"
"PCV4784","12640.0","MobiBrasil","5.0","56.0"
"PCV4804","12642.0","MobiBrasil","5.0","56.0"
"PCV4824","12644.0","MobiBrasil","5.0","56.0"
"PCV4865","81551.0","Conorte","5.0","460.0"
"PCV5115","81554.0","Conorte","5.0","546.0"
"PCV5155","81550.0","Conorte","5.0","365.0"
"PCV5175","81542.0","Conorte","5.0","133.0"
"PCV5245","81541.0","Conorte","5.0","133.0"
"PCV5285","81545.0","Conorte","5.0","133.0"
"PCV5295","81552.0","Conorte","5.0","460.0"
"PCV5325","81540.0","Conorte","5.0","133.0"
"PCV5615","81543.0","Conorte","5.0","133.0"
"PCX3166","81179.0","Conorte","5.0","127.0"
"PCX3196","81178.0","Conorte","5.0","110.0"
"PCX5966","81555.0","Conorte","5.0","367.0"
"PCX5976","81557.0","Conorte","5.0","367.0"
"PCX5986","81566.0","Conorte","5.0","545.0"
"PCX6006","81567.0","Conorte","5.0","546.0"
"PCX6046","81558.0","Conorte","5.0","460.0"
"PCX6066","81570.0","Conorte","5.0","188.0"
"PCX6076","81559.0","Conorte","5.0","545.0"
"PCX6086","81556.0","Conorte","5.0","367.0"
"PCX6106","81568.0","Conorte","5.0","543.0"
"PCX6116","81565.0","Conorte","5.0","545.0"
"PDA7802","60508.0","Borborema","5.0","166.0"
"PDA7852","60506.0","Borborema","5.0","166.0"
"PDA8452","60504.0","Borborema","5.0","166.0"
"PDA8462","60502.0","Borborema","5.0","166.0"
"PDB7176","12701.0","MobiBrasil","5.0","4.0"
"PDB7406","12726.0","MobiBrasil","5.0","287.0"
"PDB7426","12727.0","MobiBrasil","5.0","287.0"
"PDB7446","12728.0","MobiBrasil","5.0","287.0"
"PDB7506","12729.0","MobiBrasil","5.0","287.0"
"PDB7536","12730.0","MobiBrasil","5.0","287.0"
"PDB7586","12731.0","MobiBrasil","5.0","287.0"
"PDB7616","12732.0","MobiBrasil","5.0","287.0"
"PDB7636","12733.0","MobiBrasil","5.0","287.0"
"PDB7676","12734.0","MobiBrasil","5.0","287.0"
"PDB7746","12735.0","MobiBrasil","5.0","287.0"
"PDB7816","12737.0","MobiBrasil","3.0","287.0"
"PDB7876","12738.0","MobiBrasil","5.0","287.0"
"PDB7956","12740.0","MobiBrasil","5.0","287.0"
"PDQ1854","81500.0","Conorte","5.0","101.0"
"PDQ1884","81502.0","Conorte","5.0","364.0"
"PDQ1894","81505.0","Conorte","5.0","106.0"
"PDQ1904","81507.0","Conorte","5.0","106.0"
"PDQ1934","81509.0","Conorte","5.0","108.0"
"PDQ1994","81511.0","Conorte","5.0","108.0"
"PDV1074","81501.0","Conorte","5.0","101.0"
"PDV1594","81503.0","Conorte","5.0","101.0"
"PDV1654","81506.0","Conorte","5.0","106.0"
"PDV1714","81508.0","Conorte","5.0","108.0"
"PDV1764","81513.0","Conorte","5.0","99.0"
"PDV2084","81516.0","Conorte","5.0","141.0"
"PDV2284","81519.0","Conorte","5.0","367.0"
"PDV2364","81527.0","Conorte","5.0","185.0"
"PDX9771","60610.0","Borborema","5.0","166.0"
"PDY1901","60612.0","Borborema","5.0","166.0"
"PDZ2899","12711.0","MobiBrasil","5.0","64.0"
"PDZ2969","12712.0","MobiBrasil","5.0","64.0"
"PDZ3029","12713.0","MobiBrasil","5.0","64.0"
"PDZ3159","12714.0","MobiBrasil","5.0","60.0"
"PDZ3179","12715.0","MobiBrasil","5.0","65.0"
"PDZ3239","12717.0","MobiBrasil","5.0","30.0"
"PDZ3289","12719.0","MobiBrasil","5.0","3.0"
"PDZ3309","12720.0","MobiBrasil","5.0","3.0"
"PDZ3359","12721.0","MobiBrasil","5.0","3.0"
"PDZ3399","12722.0","MobiBrasil","5.0","3.0"
"PDZ3409","12723.0","MobiBrasil","5.0","4.0"
"PDZ3439","12724.0","MobiBrasil","5.0","4.0"
"PDZ3469","12725.0","MobiBrasil","5.0","4.0"
"PDZ3964","81504.0","Conorte","5.0","106.0"
"PDZ4014","81521.0","Conorte","5.0","24.0"
"PDZ4024","81522.0","Conorte","5.0","185.0"
"PDZ4094","81524.0","Conorte","5.0","101.0"
"PDZ4134","81525.0","Conorte","5.0","185.0"
"PDZ4204","81528.0","Conorte","5.0","125.0"
"PDZ4224","81529.0","Conorte","5.0","185.0"
"PEA9579","50776.0","Globo","5.0","96.0"
"PEA9659","50766.0","Globo","5.0","96.0"
"PEA9749","50782.0","Globo","5.0","91.0"
"PEA9879","50779.0","Globo","5.0","96.0"
"PEA9939","50778.0","Globo","5.0","96.0"
"PEB0069","50785.0","Globo","5.0","91.0"
"PEB0119","50777.0","Globo","5.0","96.0"
"PEB0219","50786.0","Globo","5.0","91.0"
"PEB0399","50783.0","Globo","5.0","91.0"
"PEB0479","50780.0","Globo","5.0","76.0"
"PEB0689","50784.0","Globo","5.0","91.0"
"PEB0759","50781.0","Globo","5.0","91.0"
"PEB7210","81743.0","Conorte","5.0","543.0"
"PEE4624","81228.0","Conorte","5.0","130.0"
"PEF7834","81201.0","Conorte","5.0","162.0"
"PEF7864","81200.0","Conorte","5.0","127.0"
"PEG7030","81748.0","Conorte","5.0","128.0"
"PEG7150","81747.0","Conorte","5.0","118.0"
"PEG7200","81745.0","Conorte","5.0","107.0"
"PEG7220","81740.0","Conorte","5.0","129.0"
"PEG7230","81739.0","Conorte","5.0","129.0"
"PEG7250","81738.0","Conorte","5.0","129.0"
"PEG7260","81736.0","Conorte","5.0","100.0"
"PEG7270","81732.0","Conorte","5.0","185.0"
"PEG8961","12235.0","MobiBrasil","5.0","56.0"
"PEG9091","12215.0","MobiBrasil","5.0","30.0"
"PEG9101","12216.0","MobiBrasil","5.0","5.0"
"PEG9191","12234.0","MobiBrasil","5.0","56.0"
"PEH3184","81752.0","Conorte","5.0","547.0"
"PEH3204","81753.0","Conorte","5.0","128.0"
"PEH3214","81755.0","Conorte","5.0","122.0"
"PEH3234","81756.0","Conorte","5.0","105.0"
"PEH3254","81757.0","Conorte","5.0","128.0"
"PEH3284","81759.0","Conorte","5.0","122.0"
"PEH3304","81762.0","Conorte","5.0","129.0"
"PEH3314","81765.0","Conorte","5.0","364.0"
"PEH3324","81767.0","Conorte","5.0","128.0"
"PEH3474","81766.0","Conorte","5.0","128.0"
"PEH4934","12130.0","MobiBrasil","5.0","68.0"
"PEH5375","81871.0","Conorte","5.0","149.0"
"PEH5562","12232.0","MobiBrasil","5.0","42.0"
"PEH5615","81851.0","Conorte","5.0","114.0"
"PEH5785","81811.0","Conorte","5.0","49.0"
"PEH6707","50251.0","Globo","5.0","94.0"
"PEH6887","50241.0","Globo","5.0","91.0"
"PEH7017","50231.0","Globo","6.0","94.0"
"PEH7277","50221.0","Globo","5.0","96.0"
"PEH7387","50181.0","Globo","5.0","76.0"
"PEH7427","50211.0","Globo","5.0","96.0"
"PEH7467","50201.0","Globo","5.0","96.0"
"PEH7497","50191.0","Globo","5.0","76.0"
"PEH7527","50171.0","Globo","5.0","91.0"
"PEH7607","50081.0","Globo","5.0","86.0"
"PEH7647","50101.0","Globo","5.0","86.0"
"PEH7667","50111.0","Globo","5.0","77.0"
"PEH7717","50121.0","Globo","5.0","74.0"
"PEH7724","50432.0","Globo","5.0","86.0"
"PEH7754","50442.0","Globo","5.0","86.0"
"PEH7767","50131.0","Globo","5.0","74.0"
"PEH7797","50091.0","Globo","5.0","86.0"
"PEH7814","50272.0","Globo","5.0","94.0"
"PEH7827","50141.0","Globo","5.0","74.0"
"PEH7867","50151.0","Globo","5.0","74.0"
"PEH7897","50161.0","Globo","5.0","74.0"
"PEH7987","50071.0","Globo","5.0","86.0"
"PEH8027","50061.0","Globo","5.0","86.0"
"PEH8167","50051.0","Globo","5.0","86.0"
"PEH8217","50041.0","Globo","5.0","86.0"
"PEH8255","81861.0","Conorte","5.0","367.0"
"PEH8287","50031.0","Globo","5.0","93.0"
"PEH8337","50011.0","Globo","5.0","93.0"
"PEH8345","81971.0","Conorte","5.0","51.0"
"PEH8425","81961.0","Conorte","5.0","128.0"
"PEH8467","50021.0","Globo","5.0","93.0"
"PEH8565","81881.0","Conorte","5.0","49.0"
"PEI0162","81714.0","Conorte","5.0","107.0"
"PEI0825","81831.0","Conorte","5.0","121.0"
"PEI1854","81227.0","Conorte","5.0","130.0"
"PEJ2914","50372.0","Globo","5.0","76.0"
"PEJ2944","50362.0","Globo","5.0","76.0"
"PEJ2964","50352.0","Globo","5.0","76.0"
"PEJ2984","50302.0","Globo","5.0","96.0"
"PEJ2994","50312.0","Globo","5.0","96.0"
"PEJ3004","50322.0","Globo","5.0","96.0"
"PEJ3024","50332.0","Globo","5.0","96.0"
"PEJ3034","50342.0","Globo","5.0","96.0"
"PEJ3044","50382.0","Globo","5.0","93.0"
"PEJ7614","81212.0","Conorte","5.0","544.0"
"PEJ7634","81210.0","Conorte","5.0","162.0"
"PEK2445","81802.0","Conorte","5.0","49.0"
"PEK5321","12227.0","MobiBrasil","5.0","59.0"
"PEK6001","12228.0","MobiBrasil","5.0","59.0"
"PEK6041","12221.0","MobiBrasil","5.0","40.0"
"PEK6081","12224.0","MobiBrasil","5.0","349.0"
"PEK6291","12214.0","MobiBrasil","5.0","66.0"
"PEK6451","12220.0","MobiBrasil","5.0","58.0"
"PEK6481","12218.0","MobiBrasil","5.0","349.0"
"PEK6491","12226.0","MobiBrasil","5.0","349.0"
"PEK6701","12233.0","MobiBrasil","5.0","301.0"
"PEK6781","12260.0","MobiBrasil","5.0","5.0"
"PEL0162","81715.0","Conorte","5.0","100.0"
"PEL0974","50262.0","Globo","5.0","74.0"
"PEL1264","50212.0","Globo","5.0","74.0"
"PEL1364","50222.0","Globo","5.0","93.0"
"PEL1544","50242.0","Globo","5.0","74.0"
"PEL1634","50252.0","Globo","5.0","74.0"
"PEM9210","81744.0","Conorte","5.0","543.0"
"PEO0162","81716.0","Conorte","5.0","129.0"
"PEP0162","81717.0","Conorte","5.0","107.0"
"PEP7954","50232.0","Globo","5.0","74.0"
"PEP9773","12127.0","MobiBrasil","5.0","68.0"
"PEP9813","12128.0","MobiBrasil","5.0","35.0"
"PEP9823","12109.0","MobiBrasil","5.0","35.0"
"PEP9923","12131.0","MobiBrasil","5.0","542.0"
"PEQ0013","12108.0","MobiBrasil","5.0","35.0"
"PEQ0143","12107.0","MobiBrasil","5.0","62.0"
"PEQ0162","81718.0","Conorte","5.0","107.0"
"PEQ0263","12125.0","MobiBrasil","5.0","5.0"
"PER2744","81751.0","Conorte","5.0","547.0"
"PER2814","81758.0","Conorte","5.0","363.0"
"PER2834","81761.0","Conorte","5.0","546.0"
"PER2854","81764.0","Conorte","5.0","363.0"
"PER2874","81768.0","Conorte","5.0","114.0"
"PER2944","81772.0","Conorte","5.0","125.0"
"PER2984","81773.0","Conorte","5.0","460.0"
"PER3024","81775.0","Conorte","5.0","188.0"
"PER3064","81774.0","Conorte","5.0","125.0"
"PER3084","81771.0","Conorte","5.0","125.0"
"PER4135","81194.0","Conorte","5.0","132.0"
"PER4155","81183.0","Conorte","5.0","127.0"
"PER4165","81185.0","Conorte","5.0","107.0"
"PES0162","81719.0","Conorte","5.0","107.0"
"PES4935","81180.0","Conorte","5.0","548.0"
"PES5005","81181.0","Conorte","5.0","137.0"
"PET1605","81793.0","Conorte","5.0","107.0"
"PET1675","81795.0","Conorte","5.0","107.0"
"PET1735","81797.0","Conorte","5.0","103.0"
"PET1775","81798.0","Conorte","5.0","103.0"
"PET1795","81799.0","Conorte","5.0","103.0"
"PET1825","81790.0","Conorte","5.0","103.0"
"PET4608","12022.0","MobiBrasil","5.0","68.0"
"PET4618","12021.0","MobiBrasil","5.0","68.0"
"PET4778","12025.0","MobiBrasil","5.0","68.0"
"PET4818","12024.0","MobiBrasil","5.0","56.0"
"PET4888","12027.0","MobiBrasil","5.0","64.0"
"PEU0162","81720.0","Conorte","5.0","363.0"
"PEU2366","50210.0","Globo","5.0","81.0"
"PEU2396","50220.0","Globo","5.0","83.0"
"PEV1350","81730.0","Conorte","5.0","107.0"
"PEV1370","81731.0","Conorte","5.0","100.0"
"PEV1390","81734.0","Conorte","5.0","100.0"
"PEV1400","81735.0","Conorte","5.0","107.0"
"PEV1410","81737.0","Conorte","5.0","188.0"
"PEV1440","81741.0","Conorte","5.0","543.0"
"PEV1490","81746.0","Conorte","5.0","162.0"
"PEV1510","81749.0","Conorte","5.0","128.0"
"PEV2661","81742.0","Conorte","5.0","543.0"
"PEV3824","12151.0","MobiBrasil","5.0","35.0"
"PEV3884","12153.0","MobiBrasil","5.0","33.0"
"PEV3934","12110.0","MobiBrasil","5.0","65.0"
"PEV3994","12102.0","MobiBrasil","5.0","39.0"
"PEV4004","12105.0","MobiBrasil","5.0","16.0"
"PEW0162","81721.0","Conorte","5.0","363.0"
"PEX0162","81722.0","Conorte","5.0","114.0"
"PEY0162","81723.0","Conorte","5.0","364.0"
"PEY8171","12253.0","MobiBrasil","5.0","58.0"
"PEY8241","12229.0","MobiBrasil","5.0","56.0"
"PEZ0162","81724.0","Conorte","5.0","363.0"
"PFA0162","81725.0","Conorte","5.0","363.0"
"PFA0255","81754.0","Conorte","5.0","546.0"
"PFA0315","81760.0","Conorte","5.0","128.0"
"PFA0335","81777.0","Conorte","5.0","188.0"
"PFA0345","81763.0","Conorte","5.0","105.0"
"PFA0385","81769.0","Conorte","5.0","128.0"
"PFA0415","81770.0","Conorte","5.0","125.0"
"PFA0445","81776.0","Conorte","5.0","188.0"
"PFA0465","81778.0","Conorte","5.0","129.0"
"PFA0515","81779.0","Conorte","5.0","129.0"
"PFA0673","81931.0","Conorte","5.0","24.0"
"PFA0683","81951.0","Conorte","5.0","121.0"
"PFA0823","81911.0","Conorte","5.0","372.0"
"PFA0933","81901.0","Conorte","5.0","372.0"
"PFA1283","81941.0","Conorte","5.0","121.0"
"PFB8575","81224.0","Conorte","5.0","127.0"
"PFC0162","81726.0","Conorte","5.0","363.0"
"PFC1554","50422.0","Globo","5.0","93.0"
"PFC1574","50202.0","Globo","5.0","74.0"
"PFC1594","50292.0","Globo","5.0","74.0"
"PFC1624","50402.0","Globo","5.0","93.0"
"PFC1634","50412.0","Globo","5.0","93.0"
"PFC8857","81981.0","Conorte","5.0","363.0"
"PFD0162","81727.0","Conorte","5.0","363.0"
"PFD1997","81873.0","Conorte","5.0","121.0"
"PFD2057","81883.0","Conorte","5.0","128.0"
"PFD2187","81863.0","Conorte","5.0","121.0"
"PFD7804","12134.0","MobiBrasil","5.0","41.0"
"PFE8914","12161.0","MobiBrasil","5.0","59.0"
"PFE8924","12165.0","MobiBrasil","5.0","58.0"
"PFE8934","12164.0","MobiBrasil","5.0","59.0"
"PFE8944","12163.0","MobiBrasil","5.0","58.0"
"PFE8954","12162.0","MobiBrasil","5.0","58.0"
"PFF0572","81728.0","Conorte","5.0","547.0"
"PFG2337","81853.0","Conorte","5.0","121.0"
"PFH0572","81729.0","Conorte","5.0","364.0"
"PFH4904","12112.0","MobiBrasil","5.0","2.0"
"PFH4954","12113.0","MobiBrasil","5.0","42.0"
"PFH4974","12114.0","MobiBrasil","5.0","34.0"
"PFH5004","12115.0","MobiBrasil","5.0","62.0"
"PFH5014","12118.0","MobiBrasil","5.0","4.0"
"PFH5074","12116.0","MobiBrasil","5.0","30.0"
"PFH5084","12117.0","MobiBrasil","5.0","30.0"
"PFJ1792","50240.0","Globo","5.0","74.0"
"PFJ2211","81712.0","Conorte","5.0","103.0"
"PFJ2271","81704.0","Conorte","5.0","129.0"
"PFJ2421","81711.0","Conorte","5.0","103.0"
"PFJ2481","81713.0","Conorte","5.0","129.0"
"PFJ2511","81710.0","Conorte","5.0","129.0"
"PFJ2601","81707.0","Conorte","5.0","129.0"
"PFJ2661","81709.0","Conorte","5.0","129.0"
"PFJ2671","81700.0","Conorte","5.0","103.0"
"PFJ2701","81706.0","Conorte","5.0","129.0"
"PFJ2731","81708.0","Conorte","5.0","129.0"
"PFJ7171","81705.0","Conorte","5.0","129.0"
"PFK8512","12202.0","MobiBrasil","5.0","59.0"
"PFK8622","12212.0","MobiBrasil","5.0","349.0"
"PFK8652","12210.0","MobiBrasil","5.0","66.0"
"PFK8682","12209.0","MobiBrasil","5.0","61.0"
"PFK8722","12206.0","MobiBrasil","5.0","66.0"
"PFK8772","12231.0","MobiBrasil","5.0","41.0"
"PFK8782","12207.0","MobiBrasil","5.0","59.0"
"PFK8932","12203.0","MobiBrasil","5.0","349.0"
"PFK9032","12205.0","MobiBrasil","5.0","66.0"
"PFK9142","12204.0","MobiBrasil","5.0","66.0"
"PFN2001","81703.0","Conorte","5.0","129.0"
"PFN2041","81701.0","Conorte","5.0","103.0"
"PFO6529","50200.0","Globo","5.0","96.0"
"PFO6649","50190.0","Globo","5.0","72.0"
"PFO6749","50130.0","Globo","5.0","89.0"
"PFO6839","50140.0","Globo","5.0","77.0"
"PFO6929","50170.0","Globo","5.0","93.0"
"PFO7059","50180.0","Globo","5.0","95.0"
"PFO7119","50160.0","Globo","5.0","86.0"
"PFP7694","50392.0","Globo","5.0","93.0"
"PFP7894","50282.0","Globo","5.0","74.0"
"PFR1660","81781.0","Conorte","5.0","129.0"
"PFV6943","81782.0","Conorte","5.0","103.0"
"PFZ3846","50452.0","Globo","5.0","91.0"
"PFZ3906","50263.0","Globo","5.0","91.0"
"PGK9945","81842.0","Conorte","5.0","49.0"
"PGY6850","81130.0","Conorte","5.0","71.0"
"PGY7950","81137.0","Conorte","5.0","71.0"
"PGY7970","81135.0","Conorte","5.0","73.0"
"PGY8010","81128.0","Conorte","5.0","71.0"
"PGY8040","81133.0","Conorte","5.0","71.0"
"RQJ7298","50162.0","Globo","5.0","94.0"
